tAhead,pCasesOver,pCasesSmoothedOver,pAdmOver,pOccOver,pCasesIn,pCasesSmoothedIn,pAdmIn,pOccIn,casesScore,casesSmoothedScore,admScore,occScore,casesBias,casesSmoothedBias,admBias,occBias
0,0.523333333333333,0.548172757475083,0.301038062283737,0.5,0.940199335548173,1,0.890365448504983,0.962264150943396,0.0498579824457182,0.0185065937202173,0.13497125972114,0.0398892117136831,-0.0345268970814106,-0.0411310677730362,0.254806201550388,-0.027427484526317
7,0.558528428093645,0.578073089700997,0.36426116838488,0.572769953051643,0.863787375415282,0.883720930232558,0.877076411960133,0.784037558685446,0.0933599684698034,0.0737349553913811,0.148417378556433,0.0798686650255056,-0.0369704900044083,-0.0539708084358716,0.176735880398671,-0.0725469805636542
14,0.586666666666667,0.588039867109635,0.43298969072165,0.55868544600939,0.877076411960133,0.86046511627907,0.880398671096346,0.788732394366197,0.168799786116761,0.159875179523494,0.203197338531831,0.115668666979762,-0.0574329219658254,-0.0617594968382901,0.0853401120842982,-0.0862359225466618
21,0.553333333333333,0.604651162790698,0.447098976109215,0.544600938967136,0.900332225913621,0.867109634551495,0.880398671096346,0.84037558685446,0.25690503445797,0.251822384221348,0.271123984113259,0.169529161779973,-0.0396102464064351,-0.0927188310382578,0.0408041423323816,-0.0833202458971284
