tAhead,pCasesOver,pCasesSmoothedOver,pAdmOver,pOccOver,pCasesIn,pCasesSmoothedIn,pAdmIn,pOccIn,casesScore,casesSmoothedScore,admScore,occScore,casesBias,casesSmoothedBias,admBias,occBias
0,0.523333333333333,0.538205980066445,0.301038062283737,0.5,0.940199335548173,1,0.890365448504983,0.966981132075472,0.0498568710557169,0.0184783944897586,0.135014344475121,0.0398671454134322,-0.0313060487739459,-0.0353232376390478,0.255830564784053,-0.028806895387471
7,0.556666666666667,0.571428571428571,0.367697594501718,0.572769953051643,0.86046511627907,0.877076411960133,0.880398671096346,0.784037558685446,0.0941085817116789,0.0744912304861181,0.149204805900096,0.0800954136826666,-0.0351935792078062,-0.0523434923257415,0.176468122132574,-0.0710772817228637
14,0.581395348837209,0.588039867109635,0.43598615916955,0.55868544600939,0.87375415282392,0.853820598006645,0.877076411960133,0.788732394366197,0.170785453071133,0.161953826228425,0.20510947674722,0.116726387640387,-0.0580105574055182,-0.0622340850817643,0.0846684692199643,-0.0857046239475296
21,0.548172757475083,0.601328903654485,0.452380952380952,0.553990610328638,0.890365448504983,0.863787375415282,0.87375415282392,0.84037558685446,0.260363237490168,0.25524371520526,0.274522929224696,0.170902684926535,-0.0412974554128694,-0.0943210846433741,0.0399092749258863,-0.0842809932460195
